<?xml version="1.0" encoding="UTF-8"?>
<!--SeisWare Project Properties File-->
<SeisWare>
   <Project>
      <Name>SeisWare Trial Data Set</Name>
      <Directory>C:\SeisWare Projects\SeisWare Trial Data Set</Directory>
      <DataDirectory>C:\SeisWare Projects\SeisWare Trial Data Set</DataDirectory>
      <Description>Project for Trials</Description>
      <DbType>SqlLocalDB</DbType>
      <ServerName>SeisWare_103</ServerName>
      <DatabaseName></DatabaseName>
      <DatabaseFile></DatabaseFile>
      <SeisXCompatible>false</SeisXCompatible>
      <MessagingServerName></MessagingServerName>
      <MessagingServerPort>-1</MessagingServerPort>
      <ID>162</ID></Project></SeisWare>
