<?xml version="1.0" encoding="UTF-8"?>
<!--SeisWare Basemap Horizon Scaling Parameters-->
<Basemap>
   <BasemapAttributes>
      <AutoScaleSave>true</AutoScaleSave>
      <AutoScaleRibbon>true</AutoScaleRibbon>
      <AutoScaleRibbonToWindow>true</AutoScaleRibbonToWindow>
      <AutoScaleRibbonToWindowLock>false</AutoScaleRibbonToWindowLock>
      <ClipRibbonData>false</ClipRibbonData>
      <MinimumRibbonValue>922.920000</MinimumRibbonValue>
      <MaximumRibbonValue>1045.076471</MaximumRibbonValue>
      <UsePercentage>false</UsePercentage>
      <RibbonScaling>Normal</RibbonScaling>
      <ColorPaletteName>Rainbow 2</ColorPaletteName>
      <ColorRamp>
         <ColorPalette>
            <Name>Rainbow 2</Name>
            <Colors Red="153" Green="102" Blue="255"/>
            <Colors Red="149" Green="99" Blue="255"/>
            <Colors Red="145" Green="97" Blue="255"/>
            <Colors Red="141" Green="94" Blue="255"/>
            <Colors Red="137" Green="91" Blue="255"/>
            <Colors Red="133" Green="89" Blue="255"/>
            <Colors Red="129" Green="86" Blue="255"/>
            <Colors Red="125" Green="83" Blue="255"/>
            <Colors Red="121" Green="81" Blue="255"/>
            <Colors Red="117" Green="78" Blue="255"/>
            <Colors Red="113" Green="75" Blue="255"/>
            <Colors Red="108" Green="72" Blue="255"/>
            <Colors Red="104" Green="70" Blue="255"/>
            <Colors Red="100" Green="67" Blue="255"/>
            <Colors Red="96" Green="64" Blue="255"/>
            <Colors Red="92" Green="62" Blue="255"/>
            <Colors Red="88" Green="59" Blue="255"/>
            <Colors Red="84" Green="56" Blue="255"/>
            <Colors Red="80" Green="54" Blue="255"/>
            <Colors Red="76" Green="51" Blue="255"/>
            <Colors Red="72" Green="48" Blue="255"/>
            <Colors Red="68" Green="46" Blue="254"/>
            <Colors Red="65" Green="44" Blue="254"/>
            <Colors Red="61" Green="43" Blue="253"/>
            <Colors Red="58" Green="41" Blue="252"/>
            <Colors Red="54" Green="39" Blue="252"/>
            <Colors Red="50" Green="37" Blue="251"/>
            <Colors Red="47" Green="36" Blue="250"/>
            <Colors Red="43" Green="34" Blue="250"/>
            <Colors Red="40" Green="32" Blue="249"/>
            <Colors Red="36" Green="30" Blue="248"/>
            <Colors Red="32" Green="29" Blue="248"/>
            <Colors Red="29" Green="27" Blue="247"/>
            <Colors Red="25" Green="25" Blue="247"/>
            <Colors Red="22" Green="23" Blue="246"/>
            <Colors Red="18" Green="22" Blue="245"/>
            <Colors Red="14" Green="20" Blue="245"/>
            <Colors Red="11" Green="18" Blue="244"/>
            <Colors Red="7" Green="16" Blue="243"/>
            <Colors Red="7" Green="21" Blue="238"/>
            <Colors Red="6" Green="26" Blue="232"/>
            <Colors Red="6" Green="32" Blue="227"/>
            <Colors Red="6" Green="37" Blue="221"/>
            <Colors Red="5" Green="42" Blue="216"/>
            <Colors Red="5" Green="47" Blue="210"/>
            <Colors Red="4" Green="52" Blue="205"/>
            <Colors Red="4" Green="58" Blue="200"/>
            <Colors Red="4" Green="63" Blue="194"/>
            <Colors Red="3" Green="68" Blue="189"/>
            <Colors Red="3" Green="73" Blue="183"/>
            <Colors Red="3" Green="79" Blue="178"/>
            <Colors Red="2" Green="84" Blue="173"/>
            <Colors Red="2" Green="89" Blue="167"/>
            <Colors Red="1" Green="94" Blue="162"/>
            <Colors Red="1" Green="100" Blue="156"/>
            <Colors Red="1" Green="107" Blue="149"/>
            <Colors Red="1" Green="113" Blue="143"/>
            <Colors Red="1" Green="120" Blue="136"/>
            <Colors Red="1" Green="126" Blue="130"/>
            <Colors Red="1" Green="133" Blue="123"/>
            <Colors Red="1" Green="139" Blue="117"/>
            <Colors Red="1" Green="146" Blue="110"/>
            <Colors Red="1" Green="152" Blue="104"/>
            <Colors Red="1" Green="158" Blue="97"/>
            <Colors Red="1" Green="165" Blue="91"/>
            <Colors Red="1" Green="171" Blue="84"/>
            <Colors Red="0" Green="178" Blue="78"/>
            <Colors Red="0" Green="184" Blue="71"/>
            <Colors Red="0" Green="191" Blue="65"/>
            <Colors Red="0" Green="197" Blue="58"/>
            <Colors Red="0" Green="203" Blue="52"/>
            <Colors Red="0" Green="210" Blue="45"/>
            <Colors Red="0" Green="216" Blue="39"/>
            <Colors Red="0" Green="223" Blue="32"/>
            <Colors Red="0" Green="229" Blue="26"/>
            <Colors Red="0" Green="236" Blue="19"/>
            <Colors Red="0" Green="242" Blue="13"/>
            <Colors Red="0" Green="249" Blue="6"/>
            <Colors Red="6" Green="249" Blue="6"/>
            <Colors Red="12" Green="249" Blue="6"/>
            <Colors Red="19" Green="249" Blue="6"/>
            <Colors Red="25" Green="250" Blue="5"/>
            <Colors Red="31" Green="250" Blue="5"/>
            <Colors Red="37" Green="250" Blue="5"/>
            <Colors Red="43" Green="250" Blue="5"/>
            <Colors Red="50" Green="250" Blue="5"/>
            <Colors Red="56" Green="250" Blue="5"/>
            <Colors Red="62" Green="251" Blue="4"/>
            <Colors Red="68" Green="251" Blue="4"/>
            <Colors Red="74" Green="251" Blue="4"/>
            <Colors Red="81" Green="251" Blue="4"/>
            <Colors Red="87" Green="251" Blue="4"/>
            <Colors Red="93" Green="251" Blue="4"/>
            <Colors Red="99" Green="251" Blue="4"/>
            <Colors Red="105" Green="252" Blue="3"/>
            <Colors Red="112" Green="252" Blue="3"/>
            <Colors Red="118" Green="252" Blue="3"/>
            <Colors Red="124" Green="252" Blue="3"/>
            <Colors Red="130" Green="252" Blue="3"/>
            <Colors Red="137" Green="252" Blue="3"/>
            <Colors Red="143" Green="253" Blue="2"/>
            <Colors Red="149" Green="253" Blue="2"/>
            <Colors Red="155" Green="253" Blue="2"/>
            <Colors Red="161" Green="253" Blue="2"/>
            <Colors Red="168" Green="253" Blue="2"/>
            <Colors Red="174" Green="253" Blue="2"/>
            <Colors Red="180" Green="253" Blue="2"/>
            <Colors Red="186" Green="254" Blue="1"/>
            <Colors Red="192" Green="254" Blue="1"/>
            <Colors Red="199" Green="254" Blue="1"/>
            <Colors Red="205" Green="254" Blue="1"/>
            <Colors Red="211" Green="254" Blue="1"/>
            <Colors Red="217" Green="254" Blue="1"/>
            <Colors Red="223" Green="255" Blue="0"/>
            <Colors Red="230" Green="255" Blue="0"/>
            <Colors Red="231" Green="252" Blue="0"/>
            <Colors Red="231" Green="248" Blue="0"/>
            <Colors Red="232" Green="245" Blue="0"/>
            <Colors Red="233" Green="242" Blue="0"/>
            <Colors Red="233" Green="239" Blue="0"/>
            <Colors Red="234" Green="235" Blue="0"/>
            <Colors Red="235" Green="232" Blue="0"/>
            <Colors Red="235" Green="229" Blue="0"/>
            <Colors Red="236" Green="225" Blue="0"/>
            <Colors Red="237" Green="222" Blue="0"/>
            <Colors Red="237" Green="219" Blue="0"/>
            <Colors Red="238" Green="215" Blue="0"/>
            <Colors Red="239" Green="212" Blue="0"/>
            <Colors Red="239" Green="209" Blue="0"/>
            <Colors Red="240" Green="206" Blue="0"/>
            <Colors Red="241" Green="202" Blue="0"/>
            <Colors Red="241" Green="199" Blue="0"/>
            <Colors Red="242" Green="196" Blue="0"/>
            <Colors Red="243" Green="192" Blue="0"/>
            <Colors Red="244" Green="189" Blue="0"/>
            <Colors Red="244" Green="186" Blue="0"/>
            <Colors Red="245" Green="182" Blue="0"/>
            <Colors Red="246" Green="179" Blue="0"/>
            <Colors Red="246" Green="176" Blue="0"/>
            <Colors Red="247" Green="173" Blue="0"/>
            <Colors Red="248" Green="169" Blue="0"/>
            <Colors Red="248" Green="166" Blue="0"/>
            <Colors Red="249" Green="163" Blue="0"/>
            <Colors Red="250" Green="159" Blue="0"/>
            <Colors Red="250" Green="156" Blue="0"/>
            <Colors Red="250" Green="153" Blue="0"/>
            <Colors Red="250" Green="150" Blue="0"/>
            <Colors Red="250" Green="148" Blue="0"/>
            <Colors Red="250" Green="145" Blue="0"/>
            <Colors Red="251" Green="142" Blue="0"/>
            <Colors Red="251" Green="139" Blue="0"/>
            <Colors Red="251" Green="136" Blue="0"/>
            <Colors Red="251" Green="133" Blue="0"/>
            <Colors Red="251" Green="131" Blue="0"/>
            <Colors Red="251" Green="128" Blue="0"/>
            <Colors Red="251" Green="125" Blue="0"/>
            <Colors Red="251" Green="122" Blue="0"/>
            <Colors Red="251" Green="119" Blue="0"/>
            <Colors Red="251" Green="116" Blue="0"/>
            <Colors Red="251" Green="114" Blue="0"/>
            <Colors Red="252" Green="111" Blue="0"/>
            <Colors Red="252" Green="108" Blue="0"/>
            <Colors Red="252" Green="105" Blue="0"/>
            <Colors Red="252" Green="102" Blue="0"/>
            <Colors Red="252" Green="99" Blue="0"/>
            <Colors Red="252" Green="97" Blue="0"/>
            <Colors Red="252" Green="94" Blue="0"/>
            <Colors Red="252" Green="91" Blue="0"/>
            <Colors Red="252" Green="88" Blue="0"/>
            <Colors Red="252" Green="85" Blue="0"/>
            <Colors Red="252" Green="82" Blue="0"/>
            <Colors Red="253" Green="79" Blue="0"/>
            <Colors Red="253" Green="77" Blue="0"/>
            <Colors Red="253" Green="74" Blue="0"/>
            <Colors Red="253" Green="71" Blue="0"/>
            <Colors Red="253" Green="68" Blue="0"/>
            <Colors Red="253" Green="65" Blue="0"/>
            <Colors Red="253" Green="62" Blue="0"/>
            <Colors Red="253" Green="60" Blue="0"/>
            <Colors Red="253" Green="57" Blue="0"/>
            <Colors Red="253" Green="54" Blue="0"/>
            <Colors Red="253" Green="51" Blue="0"/>
            <Colors Red="253" Green="48" Blue="0"/>
            <Colors Red="254" Green="45" Blue="0"/>
            <Colors Red="254" Green="43" Blue="0"/>
            <Colors Red="254" Green="40" Blue="0"/>
            <Colors Red="254" Green="37" Blue="0"/>
            <Colors Red="254" Green="34" Blue="0"/>
            <Colors Red="254" Green="31" Blue="0"/>
            <Colors Red="254" Green="28" Blue="0"/>
            <Colors Red="254" Green="26" Blue="0"/>
            <Colors Red="254" Green="23" Blue="0"/>
            <Colors Red="254" Green="20" Blue="0"/>
            <Colors Red="254" Green="17" Blue="0"/>
            <Colors Red="255" Green="14" Blue="0"/>
            <Colors Red="255" Green="11" Blue="0"/>
            <Colors Red="255" Green="9" Blue="0"/>
            <Colors Red="255" Green="6" Blue="0"/>
            <Colors Red="255" Green="3" Blue="0"/>
            <Colors Red="255" Green="0" Blue="0"/>
         </ColorPalette>
         <Markers>
      </Markers>
   </ColorRamp></BasemapAttributes></Basemap>
