<?xml version="1.0" encoding="UTF-8"?>
<!--SeisWare Seismic Line By Line Attributes-->
<SeisWare>
   <SynthDefn>
      <UWI>Well 1</UWI>
      <Name>Well1_2d_Synthetic</Name>
      <LeftLineID>Line-1</LeftLineID>
      <RightLineID>Line-1</RightLineID>
      <LeftLocation Trace="56" Line="0"/>
      <RightLocation Trace="57" Line="0"/>
      <IsDynamic>false</IsDynamic>
      <IsOverlay>false</IsOverlay>
      <WellCurve>
         <UWI>Well 1</UWI>
         <Name>DT</Name>
         <Source></Source>
         <IsLog>true</IsLog>
         <Location Trace="1" Line="0"/>
         <UserDefined>false</UserDefined>
      </WellCurve>
      <WellCurve>
         <UWI>Well 1</UWI>
         <Name>GR</Name>
         <Source></Source>
         <IsLog>true</IsLog>
         <Location Trace="1" Line="0"/>
         <UserDefined>false</UserDefined>
      </WellCurve>
   </SynthDefn>
</SeisWare>
